{
  "next-env.d.ts": 1775253319.8316832,
  "jest.setup.ts": 1775400726.8892586,
  "next.config.ts": 1775304492.0712688,
  "jest.config.ts": 1775402143.5003831,
  "__mocks__/remark-gfm.ts": 1775402151.663741,
  "__mocks__/react-markdown.tsx": 1775402149.0984643,
  "__tests__/app/page.test.tsx": 1775401205.6259422,
  "__tests__/app/api/chat/route.test.ts": 1775363962.9399166,
  "__tests__/app/api/title/route.test.ts": 1775400795.3886235,
  "__tests__/app/api/embed-cv/route.test.ts": 1775364516.1564908,
  "__tests__/components/chat/MessageList.test.tsx": 1775402228.167511,
  "__tests__/components/chat/ChatInput.test.tsx": 1775402270.47847,
  "__tests__/components/chat/ChatInterface.test.tsx": 1775401513.7150118,
  "__tests__/components/layout/Sidebar.test.tsx": 1775401861.6134963,
  "__tests__/components/layout/Header.test.tsx": 1775402302.652093,
  "__tests__/components/generative-ui/ExpertCard.test.tsx": 1775402311.0846937,
  "__tests__/components/generative-ui/SkillRadarChart.test.tsx": 1775401149.02204,
  "__tests__/components/generative-ui/CareerInsightCard.test.tsx": 1775309352.3488894,
  "__tests__/components/generative-ui/LearningPathTimeline.test.tsx": 1775309577.4006152,
  "__tests__/components/generative-ui/SkillGapTable.test.tsx": 1775309384.8490794,
  "__tests__/lib/mock-data.test.ts": 1775308486.3780496,
  "__tests__/lib/vector-store.test.ts": 1775363768.310564,
  "__tests__/lib/graph.test.ts": 1775363913.104408,
  "__tests__/lib/tools.test.ts": 1775363875.9438539,
  "__tests__/lib/conversation-store.test.ts": 1775400745.3777795,
  "src/types/index.ts": 1775363818.0371487,
  "src/app/layout.tsx": 1775358418.1080983,
  "src/app/page.tsx": 1775484240.9116592,
  "src/app/api/chat/route.ts": 1775574578.0652344,
  "src/app/api/title/route.ts": 1775400810.0830338,
  "src/app/api/parse-cv/route.ts": 1775574569.266803,
  "src/app/api/embed-cv/route.ts": 1775659563.075966,
  "src/app/api/parse-resume/route.ts": 1775358848.9053333,
  "src/components/ui/card.tsx": 1775304436.3063815,
  "src/components/ui/progress.tsx": 1775304436.445074,
  "src/components/ui/scroll-area.tsx": 1775304436.487071,
  "src/components/ui/avatar.tsx": 1775304436.4043043,
  "src/components/ui/badge.tsx": 1775304436.3597727,
  "src/components/ui/button.tsx": 1775253394.7493238,
  "src/components/chat/ChatInterface.tsx": 1775575058.6717725,
  "src/components/chat/CVPreviewCard.tsx": 1775361853.451137,
  "src/components/chat/CVSidebarCard.tsx": 1775401018.2896783,
  "src/components/chat/MessageList.tsx": 1775361918.2921648,
  "src/components/chat/QuickActions.tsx": 1775484268.2633438,
  "src/components/chat/StarterCards.tsx": 1775358891.2792742,
  "src/components/chat/ChatInput.tsx": 1775484257.351176,
  "src/components/layout/Header.tsx": 1775358423.2612302,
  "src/components/layout/Sidebar.tsx": 1775401854.8899035,
  "src/components/generative-ui/JobMatchCard.tsx": 1775358837.02243,
  "src/components/generative-ui/SkillRadarChart.tsx": 1775400997.8155682,
  "src/components/generative-ui/CareerInsightCard.tsx": 1775360346.7534442,
  "src/components/generative-ui/LearningPathTimeline.tsx": 1775358883.4003873,
  "src/components/generative-ui/SkillGapTable.tsx": 1775358853.4506888,
  "src/components/generative-ui/ExpertCard.tsx": 1775358863.7806747,
  "src/components/generative-ui/SalaryBenchmarkCard.tsx": 1775358870.152863,
  "src/components/generative-ui/InterviewScoreCard.tsx": 1775358854.5422995,
  "src/lib/conversation-store.ts": 1775400695.5820606,
  "src/lib/pdf-utils.ts": 1775365617.0031252,
  "src/lib/vector-store.ts": 1775659554.7784216,
  "src/lib/utils.ts": 1775253394.800438,
  "src/lib/system-prompt.ts": 1775486038.2510262,
  "src/lib/graph.ts": 1775485399.7220128,
  "src/lib/tools.ts": 1775659584.2256925,
  "src/lib/mock-data.ts": 1775358696.4654152,
  "localized-style.md": 1775358205.0646906,
  "README.md": 1775487263.7191916,
  "AGENTS.md": 1775253339.489307,
  "CLAUDE.md": 1775253339.4894242,
  "docs/superpowers/plans/2026-04-05-aiparser-embedding.md": 1775363734.155793,
  "docs/superpowers/plans/2026-04-05-multi-conversation.md": 1775400183.5051324,
  "docs/superpowers/specs/2026-04-05-multi-conversation-design.md": 1775399765.1634464,
  "docs/superpowers/specs/2026-04-05-aiparser-embedding-design.md": 1775363216.0839212,
  "public/file.svg": 1775253319.83234,
  "public/vercel.svg": 1775253319.8325076,
  "public/next.svg": 1775253319.8325176,
  "public/globe.svg": 1775253319.8325093,
  "public/window.svg": 1775253319.8325357
}